"Meses_inativo","sexo"
"2.2994241842610363","M"
"2.2237762237762237","F"
