"Meses_inativo","Qtd_transacoes_12m","Valor_Transacoes","sexo"
"2.2237762237762237","42.28371628371628","1839.6226","F"
"2.2994241842610363","41.333333333333336","1807.968","M"
